Issue,Device Issue Caused,Value,Network Impact,Impact Value,Does troubleshooting solve this
CPU Usage (%),Overloaded CPU affecting performance,95,Latency,120,Yes
Memory Usage (%),Low memory slowing apps,92,Lag,200,Yes
Battery Health (%),Degraded battery reducing efficiency,50,Throttling,30,Yes
Disk Usage (%),Insufficient storage slowing system,97,Delay,250,Yes
Network Latency (ms),Slow response time from network,320,Latency,320,Yes
Temperature (°C),Overheating impacting stability,45,Throttling,35,Yes
Last Checkup Date,Outdated diagnostics,2024-02-15,Vulnerability,380,Yes
Errors Detected,Frequent system crashes,25,Instability,270,Yes
Security Status,Potential security risk detected,Critical,Vulnerability,450,No
Screen Time (hrs/day),High screen usage,6.5,Drain,400,Yes
Charge Cycles,Battery wear due to frequent charging,800,Degradation,350,Yes
App Crashes (last 7 days),Frequent app failures,7,Failure,260,Yes
Last OS Update,Outdated OS causing security risks,2023-10-01,Vulnerability,380,Yes
Background Processes,Memory and CPU overload,85,Slowdown,150,Yes
WiFi Signal Strength (dBm),Weak signal reducing connectivity,-80,Disconnection,300,Yes
Bluetooth Connectivity Issues (past week),Frequent drops in Bluetooth connections,12,Interference,180,Yes
System Errors (last 30 days),Frequent system crashes,25,Instability,270,Yes
Device Restart Count (last month),Frequent reboots affecting system,6,Interruption,400,Yes
Malware Detection,Malicious software running on the device,1,Bandwidth Consumption,500,No
Battery Drain Rate (%/hr),Rapid battery loss,12,Drain,220,Yes
Sensor Failures,Gyro/Proximity sensor not working,3,Interference,100,No
CPU Usage (%),High CPU utilization affecting speed,97,Latency,130,Yes
Memory Usage (%),Memory nearing full capacity,95,Lag,210,Yes
Battery Health (%),Battery degradation impacting performance,45,Throttling,40,Yes
Disk Usage (%),Almost full disk slowing performance,98,Delay,260,Yes
Network Latency (ms),Inconsistent network response,310,Latency,310,Yes
Temperature (°C),Device heating causing slowdowns,47,Throttling,45,Yes
Last Checkup Date,Device checkup overdue,2023-12-10,Vulnerability,390,Yes
Errors Detected,Multiple system errors logged,30,Instability,280,Yes
Security Status,Security warning detected,High Risk,Vulnerability,470,No
Screen Time (hrs/day),Excessive screen usage,7,Drain,420,Yes
Charge Cycles,Frequent charging reducing battery life,850,Degradation,360,Yes
App Crashes (last 7 days),Multiple app failures recorded,9,Failure,270,Yes
Last OS Update,Old OS version causing issues,2023-08-21,Vulnerability,390,Yes
Background Processes,Excessive background activity,90,Slowdown,160,Yes
WiFi Signal Strength (dBm),Fluctuating WiFi signal,-85,Disconnection,310,Yes
Bluetooth Connectivity Issues (past week),Unstable Bluetooth pairing,15,Interference,190,Yes
System Errors (last 30 days),Critical system failure occurrences,28,Instability,290,Yes
Device Restart Count (last month),Unexpected reboots recorded,7,Interruption,410,Yes
Malware Detection,Detected virus affecting bandwidth,1,Bandwidth Consumption,520,No
Battery Drain Rate (%/hr),Unusual battery consumption,14,Drain,230,Yes
Sensor Failures,Inconsistent sensor readings,5,Interference,110,No
Sensor Failures,Gyro/Proximity sensor not working,3,Interference,100,No
CPU Usage (%),High CPU utilization affecting speed,97,Latency,130,Yes
CPU Usage (%),Overloaded CPU affecting performance,95,Latency,120,Yes
Memory Usage (%),Low memory slowing apps,92,Lag,200,Yes
Battery Health (%),Degraded battery reducing efficiency,50,Throttling,30,Yes
Disk Usage (%),Insufficient storage slowing system,97,Delay,250,Yes
Network Latency (ms),Slow response time from network,320,Latency,320,Yes
Temperature (°C),Overheating impacting stability,45,Throttling,35,Yes
Last Checkup Date,Outdated diagnostics,2024-02-15,Vulnerability,380,Yes
Errors Detected,Frequent system crashes,25,Instability,270,Yes
Security Status,Potential security risk detected,Critical,Vulnerability,450,No
Screen Time (hrs/day),High screen usage,6.5,Drain,400,Yes
Charge Cycles,Battery wear due to frequent charging,800,Degradation,350,Yes
App Crashes (last 7 days),Frequent app failures,7,Failure,260,Yes
Last OS Update,Outdated OS causing security risks,2023-10-01,Vulnerability,380,Yes
Background Processes,Memory and CPU overload,85,Slowdown,150,Yes
WiFi Signal Strength (dBm),Weak signal reducing connectivity,-80,Disconnection,300,Yes
Bluetooth Connectivity Issues (past week),Frequent drops in Bluetooth connections,12,Interference,180,Yes
System Errors (last 30 days),Frequent system crashes,25,Instability,270,Yes
Device Restart Count (last month),Frequent reboots affecting system,6,Interruption,400,Yes
Malware Detection,Malicious software running on the device,1,Bandwidth Consumption,500,No
Battery Drain Rate (%/hr),Rapid battery loss,12,Drain,220,Yes
Sensor Failures,Gyro/Proximity sensor not working,3,Interference,100,No
CPU Usage (%),High CPU utilization affecting speed,97,Latency,130,Yes
CPU Usage (%),Overloaded CPU affecting performance,95,Latency,120,Yes
Memory Usage (%),Low memory slowing apps,92,Lag,200,Yes
Battery Health (%),Degraded battery reducing efficiency,50,Throttling,30,Yes
Disk Usage (%),Insufficient storage slowing system,97,Delay,250,Yes
Network Latency (ms),Slow response time from network,320,Latency,320,Yes
Temperature (°C),Overheating impacting stability,45,Throttling,35,Yes
Last Checkup Date,Outdated diagnostics,2024-02-15,Vulnerability,380,Yes
Errors Detected,Frequent system crashes,25,Instability,270,Yes
Security Status,Potential security risk detected,Critical,Vulnerability,450,No
Screen Time (hrs/day),High screen usage,6.5,Drain,400,Yes
Charge Cycles,Battery wear due to frequent charging,800,Degradation,350,Yes
App Crashes (last 7 days),Frequent app failures,7,Failure,260,Yes
Last OS Update,Outdated OS causing security risks,2023-10-01,Vulnerability,380,Yes
Background Processes,Memory and CPU overload,85,Slowdown,150,Yes
WiFi Signal Strength (dBm),Weak signal reducing connectivity,-80,Disconnection,300,Yes
Bluetooth Connectivity Issues (past week),Frequent drops in Bluetooth connections,12,Interference,180,Yes
System Errors (last 30 days),Frequent system crashes,25,Instability,270,Yes
Device Restart Count (last month),Frequent reboots affecting system,6,Interruption,400,Yes
Malware Detection,Malicious software running on the device,1,Bandwidth Consumption,500,No
Battery Drain Rate (%/hr),Rapid battery loss,12,Drain,220,Yes
Sensor Failures,Gyro/Proximity sensor not working,3,Interference,100,No
CPU Usage (%),High CPU utilization affecting speed,97,Latency,130,Yes
CPU Usage (%),Overloaded CPU affecting performance,95,Latency,120,Yes
Memory Usage (%),Low memory slowing apps,92,Lag,200,Yes
Battery Health (%),Degraded battery reducing efficiency,50,Throttling,30,Yes
Disk Usage (%),Insufficient storage slowing system,97,Delay,250,Yes
Network Latency (ms),Slow response time from network,320,Latency,320,Yes
Temperature (°C),Overheating impacting stability,45,Throttling,35,Yes
Last Checkup Date,Outdated diagnostics,2024-02-15,Vulnerability,380,Yes
Errors Detected,Frequent system crashes,25,Instability,270,Yes
Security Status,Potential security risk detected,Critical,Vulnerability,450,No
Screen Time (hrs/day),High screen usage,6.5,Drain,400,Yes
Charge Cycles,Battery wear due to frequent charging,800,Degradation,350,Yes
App Crashes (last 7 days),Frequent app failures,7,Failure,260,Yes
